vacancies indexes;symmetries
(6, 88);['c_000', 'm_100', 'm_010', 'm_001', 'm_011', 'm_0-11', '2_100', '2_010', '2_001', '2_011', '2_0-11', '4_100', '-4_100']
(42, 52);['c_000', 'm_100', 'm_010', 'm_001', 'm_101', 'm_-101', '2_100', '2_010', '2_001', '2_101', '2_-101', '4_010', '-4_010']
(46, 48);['c_000', 'm_100', 'm_010', 'm_001', 'm_110', 'm_-110', '2_100', '2_010', '2_001', '2_110', '2_-110', '4_001', '-4_001']
(0, 94);['c_000', 'm_-101', 'm_-110', 'm_0-11', '2_-110', '2_-101', '2_0-11', '3_111', '-3_111']
(2, 92);['c_000', 'm_011', 'm_101', 'm_-110', '2_101', '2_011', '2_-110', '3_11-1', '-3_11-1']
(10, 84);['c_000', 'm_110', 'm_011', 'm_-101', '2_110', '2_011', '2_-101', '3_1-11', '-3_1-11']
(12, 82);['c_000', 'm_110', 'm_101', 'm_0-11', '2_110', '2_101', '2_0-11', '3_-111', '-3_-111']
(1, 93);['c_000', 'm_001', 'm_110', 'm_-110', '2_001', '2_110', '2_-110']
(5, 89);['c_000', 'm_010', 'm_101', 'm_-101', '2_010', '2_101', '2_-101']
(7, 87);['c_000', 'm_010', 'm_101', 'm_-101', '2_010', '2_101', '2_-101']
(11, 83);['c_000', 'm_001', 'm_110', 'm_-110', '2_001', '2_110', '2_-110']
(24, 70);['c_000', 'm_001', 'm_110', 'm_-110', '2_001', '2_110', '2_-110']
(26, 68);['c_000', 'm_010', 'm_101', 'm_-101', '2_010', '2_101', '2_-101']
(27, 67);['c_000', 'm_010', 'm_101', 'm_-101', '2_010', '2_101', '2_-101']
(29, 65);['c_000', 'm_001', 'm_110', 'm_-110', '2_001', '2_110', '2_-110']
(41, 53);['c_000', 'm_100', 'm_011', 'm_0-11', '2_100', '2_011', '2_0-11']
(43, 51);['c_000', 'm_100', 'm_011', 'm_0-11', '2_100', '2_011', '2_0-11']
(44, 50);['c_000', 'm_100', 'm_011', 'm_0-11', '2_100', '2_011', '2_0-11']
(45, 49);['c_000', 'm_100', 'm_011', 'm_0-11', '2_100', '2_011', '2_0-11']
(6, 47);['m_010', 'm_001', 'm_011', 'm_0-11', '2_100', '4_100']
(42, 47);['m_100', 'm_001', 'm_101', 'm_-101', '2_010', '4_010']
(46, 47);['m_100', 'm_010', 'm_110', 'm_-110', '2_001', '4_001']
(47, 48);['m_100', 'm_010', 'm_110', 'm_-110', '2_001', '4_001']
(47, 52);['m_100', 'm_001', 'm_101', 'm_-101', '2_010', '4_010']
(47, 88);['m_010', 'm_001', 'm_011', 'm_0-11', '2_100', '4_100']
(0, 13);['m_-101', 'm_-110', 'm_0-11', '3_111']
(0, 47);['m_-101', 'm_-110', 'm_0-11', '3_111']
(0, 59);['m_-101', 'm_-110', 'm_0-11', '3_111']
(2, 36);['m_011', 'm_101', 'm_-110', '3_11-1']
(2, 47);['m_011', 'm_101', 'm_-110', '3_11-1']
(2, 80);['m_011', 'm_101', 'm_-110', '3_11-1']
(10, 37);['m_110', 'm_011', 'm_-101', '3_1-11']
(10, 47);['m_110', 'm_011', 'm_-101', '3_1-11']
(10, 75);['m_110', 'm_011', 'm_-101', '3_1-11']
(12, 20);['m_110', 'm_101', 'm_0-11', '3_-111']
(12, 47);['m_110', 'm_101', 'm_0-11', '3_-111']
(12, 56);['m_110', 'm_101', 'm_0-11', '3_-111']
(13, 47);['m_-101', 'm_-110', 'm_0-11', '3_111']
(13, 59);['m_-101', 'm_-110', 'm_0-11', '3_111']
(13, 94);['m_-101', 'm_-110', 'm_0-11', '3_111']
(20, 47);['m_110', 'm_101', 'm_0-11', '3_-111']
(20, 56);['m_110', 'm_101', 'm_0-11', '3_-111']
(20, 82);['m_110', 'm_101', 'm_0-11', '3_-111']
(36, 47);['m_011', 'm_101', 'm_-110', '3_11-1']
(36, 80);['m_011', 'm_101', 'm_-110', '3_11-1']
(36, 92);['m_011', 'm_101', 'm_-110', '3_11-1']
(37, 47);['m_110', 'm_011', 'm_-101', '3_1-11']
(37, 75);['m_110', 'm_011', 'm_-101', '3_1-11']
(37, 84);['m_110', 'm_011', 'm_-101', '3_1-11']
(47, 56);['m_110', 'm_101', 'm_0-11', '3_-111']
(47, 59);['m_-101', 'm_-110', 'm_0-11', '3_111']
(47, 75);['m_110', 'm_011', 'm_-101', '3_1-11']
(47, 80);['m_011', 'm_101', 'm_-110', '3_11-1']
(47, 82);['m_110', 'm_101', 'm_0-11', '3_-111']
(47, 84);['m_110', 'm_011', 'm_-101', '3_1-11']
(47, 92);['m_011', 'm_101', 'm_-110', '3_11-1']
(47, 94);['m_-101', 'm_-110', 'm_0-11', '3_111']
(56, 82);['m_110', 'm_101', 'm_0-11', '3_-111']
(59, 94);['m_-101', 'm_-110', 'm_0-11', '3_111']
(75, 84);['m_110', 'm_011', 'm_-101', '3_1-11']
(80, 92);['m_011', 'm_101', 'm_-110', '3_11-1']
(0, 2);['m_001', 'm_-110', '2_110']
(0, 10);['m_010', 'm_-101', '2_101']
(0, 12);['m_011', 'm_0-11', '2_100']
(0, 82);['m_100', 'm_0-11', '2_011']
(0, 84);['m_101', 'm_-101', '2_010']
(0, 92);['m_110', 'm_-110', '2_001']
(1, 11);['m_010', 'm_001', '2_100']
(1, 24);['m_001', 'm_-110', '2_110']
(1, 47);['m_001', 'm_-110', '2_110']
(1, 70);['m_001', 'm_-110', '2_110']
(1, 83);['m_100', 'm_001', '2_010']
(2, 10);['m_011', 'm_0-11', '2_100']
(2, 12);['m_010', 'm_101', '2_-101']
(2, 82);['m_101', 'm_-101', '2_010']
(2, 84);['m_100', 'm_011', '2_0-11']
(2, 94);['m_110', 'm_-110', '2_001']
(3, 9);['m_011', 'm_0-11', '2_100']
(3, 85);['m_100', 'm_0-11', '2_011']
(3, 91);['c_000', 'm_0-11', '2_0-11']
(4, 8);['m_011', 'm_0-11', '2_100']
(4, 86);['m_100', 'm_011', '2_0-11']
(4, 90);['c_000', 'm_011', '2_011']
(5, 7);['m_010', 'm_001', '2_100']
(5, 26);['m_010', 'm_-101', '2_101']
(5, 47);['m_010', 'm_-101', '2_101']
(5, 68);['m_010', 'm_-101', '2_101']
(5, 87);['m_100', 'm_010', '2_001']
(6, 42);['m_001', 'm_-110', '2_110']
(6, 46);['m_010', 'm_-101', '2_101']
(6, 48);['m_010', 'm_101', '2_-101']
(6, 52);['m_001', 'm_110', '2_-110']
(7, 27);['m_010', 'm_101', '2_-101']
(7, 47);['m_010', 'm_101', '2_-101']
(7, 67);['m_010', 'm_101', '2_-101']
(7, 89);['m_100', 'm_010', '2_001']
(8, 86);['c_000', 'm_011', '2_011']
(8, 90);['m_100', 'm_011', '2_0-11']
(9, 85);['c_000', 'm_0-11', '2_0-11']
(9, 91);['m_100', 'm_0-11', '2_011']
(10, 12);['m_001', 'm_110', '2_-110']
(10, 82);['m_110', 'm_-110', '2_001']
(10, 92);['m_100', 'm_011', '2_0-11']
(10, 94);['m_101', 'm_-101', '2_010']
(11, 29);['m_001', 'm_110', '2_-110']
(11, 47);['m_001', 'm_110', '2_-110']
(11, 65);['m_001', 'm_110', '2_-110']
(11, 93);['m_100', 'm_001', '2_010']
(12, 84);['m_110', 'm_-110', '2_001']
(12, 92);['m_101', 'm_-101', '2_010']
(12, 94);['m_100', 'm_0-11', '2_011']
(13, 20);['m_011', 'm_0-11', '2_100']
(13, 75);['m_101', 'm_-101', '2_010']
(13, 80);['m_110', 'm_-110', '2_001']
(13, 93);['m_001', 'm_-110', '2_110']
(14, 81);['m_110', 'm_-110', '2_001']
(14, 93);['m_001', 'm_-110', '2_110']
(15, 18);['m_011', 'm_0-11', '2_100']
(16, 76);['m_101', 'm_-101', '2_010']
(17, 79);['m_101', 'm_-101', '2_010']
(19, 74);['m_110', 'm_-110', '2_001']
(20, 75);['m_110', 'm_-110', '2_001']
(20, 80);['m_101', 'm_-101', '2_010']
(21, 31);['m_010', 'm_-101', '2_101']
(21, 63);['m_101', 'm_-101', '2_010']
(21, 73);['c_000', 'm_-101', '2_-101']
(22, 32);['m_010', 'm_101', '2_-101']
(22, 62);['m_101', 'm_-101', '2_010']
(22, 72);['c_000', 'm_101', '2_101']
(23, 25);['m_001', 'm_-110', '2_110']
(23, 69);['m_110', 'm_-110', '2_001']
(23, 71);['c_000', 'm_-110', '2_-110']
(24, 29);['m_010', 'm_001', '2_100']
(24, 47);['m_001', 'm_-110', '2_110']
(24, 65);['m_100', 'm_001', '2_010']
(24, 93);['m_001', 'm_-110', '2_110']
(25, 69);['c_000', 'm_-110', '2_-110']
(25, 71);['m_110', 'm_-110', '2_001']
(26, 27);['m_010', 'm_001', '2_100']
(26, 47);['m_010', 'm_-101', '2_101']
(26, 67);['m_100', 'm_010', '2_001']
(26, 89);['m_010', 'm_-101', '2_101']
(27, 47);['m_010', 'm_101', '2_-101']
(27, 68);['m_100', 'm_010', '2_001']
(27, 87);['m_010', 'm_101', '2_-101']
(28, 30);['m_001', 'm_110', '2_-110']
(28, 64);['m_110', 'm_-110', '2_001']
(28, 66);['c_000', 'm_110', '2_110']
(29, 47);['m_001', 'm_110', '2_-110']
(29, 70);['m_100', 'm_001', '2_010']
(29, 83);['m_001', 'm_110', '2_-110']
(30, 64);['c_000', 'm_110', '2_110']
(30, 66);['m_110', 'm_-110', '2_001']
(31, 63);['c_000', 'm_-101', '2_-101']
(31, 73);['m_101', 'm_-101', '2_010']
(32, 62);['c_000', 'm_101', '2_101']
(32, 72);['m_101', 'm_-101', '2_010']
(33, 55);['m_101', 'm_-101', '2_010']
(34, 39);['m_011', 'm_0-11', '2_100']
(35, 58);['m_110', 'm_-110', '2_001']
(35, 93);['m_001', 'm_-110', '2_110']
(36, 37);['m_011', 'm_0-11', '2_100']
(36, 56);['m_101', 'm_-101', '2_010']
(36, 59);['m_110', 'm_-110', '2_001']
(36, 93);['m_001', 'm_-110', '2_110']
(37, 56);['m_110', 'm_-110', '2_001']
(37, 59);['m_101', 'm_-101', '2_010']
(38, 57);['m_110', 'm_-110', '2_001']
(40, 60);['m_101', 'm_-101', '2_010']
(41, 43);['m_100', 'm_001', '2_010']
(41, 44);['m_100', 'm_0-11', '2_011']
(41, 47);['m_100', 'm_0-11', '2_011']
(41, 50);['m_100', 'm_0-11', '2_011']
(41, 51);['m_100', 'm_010', '2_001']
(42, 46);['m_100', 'm_0-11', '2_011']
(42, 48);['m_100', 'm_011', '2_0-11']
(42, 88);['m_001', 'm_110', '2_-110']
(43, 45);['m_100', 'm_011', '2_0-11']
(43, 47);['m_100', 'm_011', '2_0-11']
(43, 49);['m_100', 'm_011', '2_0-11']
(43, 53);['m_100', 'm_010', '2_001']
(44, 45);['m_100', 'm_001', '2_010']
(44, 47);['m_100', 'm_0-11', '2_011']
(44, 49);['m_100', 'm_010', '2_001']
(44, 53);['m_100', 'm_0-11', '2_011']
(45, 47);['m_100', 'm_011', '2_0-11']
(45, 50);['m_100', 'm_010', '2_001']
(45, 51);['m_100', 'm_011', '2_0-11']
(46, 52);['m_100', 'm_011', '2_0-11']
(46, 88);['m_010', 'm_101', '2_-101']
(47, 49);['m_100', 'm_011', '2_0-11']
(47, 50);['m_100', 'm_0-11', '2_011']
(47, 51);['m_100', 'm_011', '2_0-11']
(47, 53);['m_100', 'm_0-11', '2_011']
(47, 65);['m_001', 'm_110', '2_-110']
(47, 67);['m_010', 'm_101', '2_-101']
(47, 68);['m_010', 'm_-101', '2_101']
(47, 70);['m_001', 'm_-110', '2_110']
(47, 83);['m_001', 'm_110', '2_-110']
(47, 87);['m_010', 'm_101', '2_-101']
(47, 89);['m_010', 'm_-101', '2_101']
(47, 93);['m_001', 'm_-110', '2_110']
(48, 52);['m_100', 'm_0-11', '2_011']
(48, 88);['m_010', 'm_-101', '2_101']
(49, 50);['m_100', 'm_001', '2_010']
(49, 51);['m_100', 'm_011', '2_0-11']
(50, 53);['m_100', 'm_0-11', '2_011']
(51, 53);['m_100', 'm_001', '2_010']
(52, 88);['m_001', 'm_-110', '2_110']
(54, 61);['m_011', 'm_0-11', '2_100']
(56, 59);['m_011', 'm_0-11', '2_100']
(58, 93);['m_001', 'm_-110', '2_110']
(59, 93);['m_001', 'm_-110', '2_110']
(62, 72);['m_010', 'm_101', '2_-101']
(63, 73);['m_010', 'm_-101', '2_101']
(64, 66);['m_001', 'm_110', '2_-110']
(65, 70);['m_010', 'm_001', '2_100']
(65, 83);['m_001', 'm_110', '2_-110']
(67, 68);['m_010', 'm_001', '2_100']
(67, 87);['m_010', 'm_101', '2_-101']
(68, 89);['m_010', 'm_-101', '2_101']
(69, 71);['m_001', 'm_-110', '2_110']
(70, 93);['m_001', 'm_-110', '2_110']
(75, 80);['m_011', 'm_0-11', '2_100']
(77, 78);['m_011', 'm_0-11', '2_100']
(80, 93);['m_001', 'm_-110', '2_110']
(81, 93);['m_001', 'm_-110', '2_110']
(82, 84);['m_001', 'm_110', '2_-110']
(82, 92);['m_010', 'm_101', '2_-101']
(82, 94);['m_011', 'm_0-11', '2_100']
(83, 93);['m_010', 'm_001', '2_100']
(84, 92);['m_011', 'm_0-11', '2_100']
(84, 94);['m_010', 'm_-101', '2_101']
(85, 91);['m_011', 'm_0-11', '2_100']
(86, 90);['m_011', 'm_0-11', '2_100']
(87, 89);['m_010', 'm_001', '2_100']
(92, 94);['m_001', 'm_-110', '2_110']
(15, 93);['m_001', '2_110']
(16, 93);['m_001', '2_110']
(17, 93);['m_001', '2_110']
(18, 93);['m_001', '2_110']
(19, 93);['m_001', '2_110']
(20, 93);['m_001', '2_110']
(33, 93);['m_001', '2_110']
(34, 93);['m_001', '2_110']
(37, 93);['m_001', '2_110']
(38, 93);['m_001', '2_110']
(39, 93);['m_001', '2_110']
(40, 93);['m_001', '2_110']
(54, 93);['m_001', '2_110']
(55, 93);['m_001', '2_110']
(56, 93);['m_001', '2_110']
(57, 93);['m_001', '2_110']
(60, 93);['m_001', '2_110']
(61, 93);['m_001', '2_110']
(74, 93);['m_001', '2_110']
(75, 93);['m_001', '2_110']
(76, 93);['m_001', '2_110']
(77, 93);['m_001', '2_110']
(78, 93);['m_001', '2_110']
(79, 93);['m_001', '2_110']
(0, 1);['m_-110']
(0, 3);['m_0-11']
(0, 5);['m_-101']
(0, 6);['m_0-11']
(0, 9);['m_0-11']
(0, 14);['m_-110']
(0, 15);['m_0-11']
(0, 17);['m_-101']
(0, 18);['m_0-11']
(0, 20);['m_0-11']
(0, 21);['m_-101']
(0, 23);['m_-110']
(0, 24);['m_-110']
(0, 25);['m_-110']
(0, 26);['m_-101']
(0, 31);['m_-101']
(0, 33);['m_-101']
(0, 35);['m_-110']
(0, 36);['m_-110']
(0, 37);['m_-101']
(0, 41);['m_0-11']
(0, 42);['m_-101']
(0, 44);['m_0-11']
(0, 46);['m_-110']
(0, 48);['m_-110']
(0, 50);['m_0-11']
(0, 52);['m_-101']
(0, 53);['m_0-11']
(0, 54);['m_0-11']
(0, 55);['m_-101']
(0, 56);['m_0-11']
(0, 58);['m_-110']
(0, 61);['m_0-11']
(0, 63);['m_-101']
(0, 68);['m_-101']
(0, 69);['m_-110']
(0, 70);['m_-110']
(0, 71);['m_-110']
(0, 73);['m_-101']
(0, 75);['m_-101']
(0, 79);['m_-101']
(0, 80);['m_-110']
(0, 81);['m_-110']
(0, 85);['m_0-11']
(0, 88);['m_0-11']
(0, 89);['m_-101']
(0, 91);['m_0-11']
(0, 93);['m_-110']
(1, 2);['m_-110']
(1, 5);['m_0-11']
(1, 6);['m_001']
(1, 7);['m_011']
(1, 13);['m_-110']
(1, 14);['m_-110']
(1, 23);['m_-110']
(1, 25);['m_-110']
(1, 29);['m_001']
(1, 35);['m_-110']
(1, 36);['m_-110']
(1, 41);['m_-101']
(1, 42);['m_001']
(1, 43);['m_101']
(1, 46);['m_-110']
(1, 48);['m_-110']
(1, 51);['2_101']
(1, 52);['m_001']
(1, 53);['2_-101']
(1, 58);['m_-110']
(1, 59);['m_-110']
(1, 65);['m_001']
(1, 69);['m_-110']
(1, 71);['m_-110']
(1, 80);['m_-110']
(1, 81);['m_-110']
(1, 87);['2_011']
(1, 88);['m_001']
(1, 89);['2_0-11']
(1, 92);['m_-110']
(1, 94);['m_-110']
(2, 4);['m_011']
(2, 6);['m_011']
(2, 7);['m_101']
(2, 8);['m_011']
(2, 13);['m_-110']
(2, 14);['m_-110']
(2, 16);['m_101']
(2, 20);['m_101']
(2, 22);['m_101']
(2, 23);['m_-110']
(2, 24);['m_-110']
(2, 25);['m_-110']
(2, 27);['m_101']
(2, 32);['m_101']
(2, 34);['m_011']
(2, 35);['m_-110']
(2, 37);['m_011']
(2, 39);['m_011']
(2, 40);['m_101']
(2, 42);['m_101']
(2, 43);['m_011']
(2, 45);['m_011']
(2, 46);['m_-110']
(2, 48);['m_-110']
(2, 49);['m_011']
(2, 51);['m_011']
(2, 52);['m_101']
(2, 56);['m_101']
(2, 58);['m_-110']
(2, 59);['m_-110']
(2, 60);['m_101']
(2, 62);['m_101']
(2, 67);['m_101']
(2, 69);['m_-110']
(2, 70);['m_-110']
(2, 71);['m_-110']
(2, 72);['m_101']
(2, 75);['m_011']
(2, 76);['m_101']
(2, 77);['m_011']
(2, 78);['m_011']
(2, 81);['m_-110']
(2, 86);['m_011']
(2, 87);['m_101']
(2, 88);['m_011']
(2, 90);['m_011']
(2, 93);['m_-110']
(3, 4);['m_001']
(3, 6);['m_0-11']
(3, 8);['m_010']
(3, 12);['m_0-11']
(3, 13);['m_0-11']
(3, 15);['m_0-11']
(3, 18);['m_0-11']
(3, 20);['m_0-11']
(3, 21);['m_-110']
(3, 22);['2_110']
(3, 23);['m_-101']
(3, 28);['2_101']
(3, 41);['m_0-11']
(3, 44);['m_0-11']
(3, 47);['m_0-11']
(3, 50);['m_0-11']
(3, 53);['m_0-11']
(3, 54);['m_0-11']
(3, 56);['m_0-11']
(3, 59);['m_0-11']
(3, 61);['m_0-11']
(3, 66);['m_101']
(3, 71);['2_-101']
(3, 72);['m_110']
(3, 73);['2_-110']
(3, 82);['m_0-11']
(3, 86);['2_010']
(3, 88);['m_0-11']
(3, 90);['2_001']
(3, 94);['m_0-11']
(4, 6);['m_011']
(4, 9);['m_010']
(4, 10);['m_011']
(4, 21);['2_110']
(4, 22);['m_-110']
(4, 25);['m_101']
(4, 30);['2_-101']
(4, 34);['m_011']
(4, 36);['m_011']
(4, 37);['m_011']
(4, 39);['m_011']
(4, 43);['m_011']
(4, 45);['m_011']
(4, 47);['m_011']
(4, 49);['m_011']
(4, 51);['m_011']
(4, 64);['m_-101']
(4, 69);['2_101']
(4, 72);['2_-110']
(4, 73);['m_110']
(4, 75);['m_011']
(4, 77);['m_011']
(4, 78);['m_011']
(4, 80);['m_011']
(4, 84);['m_011']
(4, 85);['2_010']
(4, 88);['m_011']
(4, 91);['2_001']
(4, 92);['m_011']
(5, 6);['m_010']
(5, 10);['m_-101']
(5, 11);['m_011']
(5, 13);['m_-101']
(5, 17);['m_-101']
(5, 21);['m_-101']
(5, 27);['m_010']
(5, 31);['m_-101']
(5, 33);['m_-101']
(5, 37);['m_-101']
(5, 41);['m_-110']
(5, 42);['m_-101']
(5, 43);['2_110']
(5, 46);['m_010']
(5, 48);['m_010']
(5, 51);['m_110']
(5, 52);['m_-101']
(5, 53);['2_-110']
(5, 55);['m_-101']
(5, 59);['m_-101']
(5, 63);['m_-101']
(5, 67);['m_010']
(5, 73);['m_-101']
(5, 75);['m_-101']
(5, 79);['m_-101']
(5, 83);['2_011']
(5, 84);['m_-101']
(5, 88);['m_010']
(5, 93);['2_0-11']
(5, 94);['m_-101']
(6, 7);['m_010']
(6, 8);['m_011']
(6, 9);['m_0-11']
(6, 10);['m_011']
(6, 11);['m_001']
(6, 12);['m_0-11']
(6, 13);['m_0-11']
(6, 15);['m_0-11']
(6, 18);['m_0-11']
(6, 20);['m_0-11']
(6, 24);['m_001']
(6, 26);['m_010']
(6, 27);['m_010']
(6, 29);['m_001']
(6, 34);['m_011']
(6, 36);['m_011']
(6, 37);['m_011']
(6, 39);['m_011']
(6, 41);['m_0-11']
(6, 43);['m_011']
(6, 44);['m_0-11']
(6, 45);['m_011']
(6, 49);['m_011']
(6, 50);['m_0-11']
(6, 51);['m_011']
(6, 53);['m_0-11']
(6, 54);['m_0-11']
(6, 56);['m_0-11']
(6, 59);['m_0-11']
(6, 61);['m_0-11']
(6, 65);['m_001']
(6, 67);['m_010']
(6, 68);['m_010']
(6, 70);['m_001']
(6, 75);['m_011']
(6, 77);['m_011']
(6, 78);['m_011']
(6, 80);['m_011']
(6, 82);['m_0-11']
(6, 83);['m_001']
(6, 84);['m_011']
(6, 85);['m_0-11']
(6, 86);['m_011']
(6, 87);['m_010']
(6, 89);['m_010']
(6, 90);['m_011']
(6, 91);['m_0-11']
(6, 92);['m_011']
(6, 93);['m_001']
(6, 94);['m_0-11']
(7, 11);['m_0-11']
(7, 12);['m_101']
(7, 16);['m_101']
(7, 20);['m_101']
(7, 22);['m_101']
(7, 26);['m_010']
(7, 32);['m_101']
(7, 36);['m_101']
(7, 40);['m_101']
(7, 41);['2_110']
(7, 42);['m_101']
(7, 43);['m_-110']
(7, 46);['m_010']
(7, 48);['m_010']
(7, 51);['2_-110']
(7, 52);['m_101']
(7, 53);['m_110']
(7, 56);['m_101']
(7, 60);['m_101']
(7, 62);['m_101']
(7, 68);['m_010']
(7, 72);['m_101']
(7, 76);['m_101']
(7, 80);['m_101']
(7, 82);['m_101']
(7, 83);['2_0-11']
(7, 88);['m_010']
(7, 92);['m_101']
(7, 93);['2_011']
(8, 9);['m_001']
(8, 10);['m_011']
(8, 23);['2_101']
(8, 28);['m_-101']
(8, 31);['m_110']
(8, 32);['2_-110']
(8, 34);['m_011']
(8, 36);['m_011']
(8, 37);['m_011']
(8, 39);['m_011']
(8, 43);['m_011']
(8, 45);['m_011']
(8, 47);['m_011']
(8, 49);['m_011']
(8, 51);['m_011']
(8, 62);['m_-110']
(8, 63);['2_110']
(8, 66);['2_-101']
(8, 71);['m_101']
(8, 75);['m_011']
(8, 77);['m_011']
(8, 78);['m_011']
(8, 80);['m_011']
(8, 84);['m_011']
(8, 85);['2_001']
(8, 88);['m_011']
(8, 91);['2_010']
(8, 92);['m_011']
(9, 12);['m_0-11']
(9, 13);['m_0-11']
(9, 15);['m_0-11']
(9, 18);['m_0-11']
(9, 20);['m_0-11']
(9, 25);['2_-101']
(9, 30);['m_101']
(9, 31);['2_-110']
(9, 32);['m_110']
(9, 41);['m_0-11']
(9, 44);['m_0-11']
(9, 47);['m_0-11']
(9, 50);['m_0-11']
(9, 53);['m_0-11']
(9, 54);['m_0-11']
(9, 56);['m_0-11']
(9, 59);['m_0-11']
(9, 61);['m_0-11']
(9, 62);['2_110']
(9, 63);['m_-110']
(9, 64);['2_101']
(9, 69);['m_-101']
(9, 82);['m_0-11']
(9, 86);['2_001']
(9, 88);['m_0-11']
(9, 90);['2_010']
(9, 94);['m_0-11']
(10, 11);['m_110']
(10, 13);['m_-101']
(10, 17);['m_-101']
(10, 19);['m_110']
(10, 20);['m_110']
(10, 21);['m_-101']
(10, 26);['m_-101']
(10, 28);['m_110']
(10, 29);['m_110']
(10, 30);['m_110']
(10, 31);['m_-101']
(10, 33);['m_-101']
(10, 34);['m_011']
(10, 36);['m_011']
(10, 38);['m_110']
(10, 39);['m_011']
(10, 42);['m_-101']
(10, 43);['m_011']
(10, 45);['m_011']
(10, 46);['m_110']
(10, 48);['m_110']
(10, 49);['m_011']
(10, 51);['m_011']
(10, 52);['m_-101']
(10, 55);['m_-101']
(10, 56);['m_110']
(10, 57);['m_110']
(10, 59);['m_-101']
(10, 63);['m_-101']
(10, 64);['m_110']
(10, 65);['m_110']
(10, 66);['m_110']
(10, 68);['m_-101']
(10, 73);['m_-101']
(10, 74);['m_110']
(10, 77);['m_011']
(10, 78);['m_011']
(10, 79);['m_-101']
(10, 80);['m_011']
(10, 83);['m_110']
(10, 86);['m_011']
(10, 88);['m_011']
(10, 89);['m_-101']
(10, 90);['m_011']
(11, 12);['m_110']
(11, 19);['m_110']
(11, 20);['m_110']
(11, 24);['m_001']
(11, 28);['m_110']
(11, 30);['m_110']
(11, 37);['m_110']
(11, 38);['m_110']
(11, 41);['2_101']
(11, 42);['m_001']
(11, 43);['2_-101']
(11, 46);['m_110']
(11, 48);['m_110']
(11, 51);['m_-101']
(11, 52);['m_001']
(11, 53);['m_101']
(11, 56);['m_110']
(11, 57);['m_110']
(11, 64);['m_110']
(11, 66);['m_110']
(11, 70);['m_001']
(11, 74);['m_110']
(11, 75);['m_110']
(11, 82);['m_110']
(11, 84);['m_110']
(11, 87);['2_0-11']
(11, 88);['m_001']
(11, 89);['2_011']
(12, 13);['m_0-11']
(12, 15);['m_0-11']
(12, 16);['m_101']
(12, 18);['m_0-11']
(12, 19);['m_110']
(12, 22);['m_101']
(12, 27);['m_101']
(12, 28);['m_110']
(12, 29);['m_110']
(12, 30);['m_110']
(12, 32);['m_101']
(12, 36);['m_101']
(12, 37);['m_110']
(12, 38);['m_110']
(12, 40);['m_101']
(12, 41);['m_0-11']
(12, 42);['m_101']
(12, 44);['m_0-11']
(12, 46);['m_110']
(12, 48);['m_110']
(12, 50);['m_0-11']
(12, 52);['m_101']
(12, 53);['m_0-11']
(12, 54);['m_0-11']
(12, 57);['m_110']
(12, 59);['m_0-11']
(12, 60);['m_101']
(12, 61);['m_0-11']
(12, 62);['m_101']
(12, 64);['m_110']
(12, 65);['m_110']
(12, 66);['m_110']
(12, 67);['m_101']
(12, 72);['m_101']
(12, 74);['m_110']
(12, 75);['m_110']
(12, 76);['m_101']
(12, 80);['m_101']
(12, 83);['m_110']
(12, 85);['m_0-11']
(12, 87);['m_101']
(12, 88);['m_0-11']
(12, 91);['m_0-11']
(13, 14);['m_-110']
(13, 15);['m_0-11']
(13, 17);['m_-101']
(13, 18);['m_0-11']
(13, 21);['m_-101']
(13, 23);['m_-110']
(13, 24);['m_-110']
(13, 25);['m_-110']
(13, 26);['m_-101']
(13, 31);['m_-101']
(13, 33);['m_-101']
(13, 35);['m_-110']
(13, 36);['m_-110']
(13, 37);['m_-101']
(13, 41);['m_0-11']
(13, 42);['m_-101']
(13, 44);['m_0-11']
(13, 46);['m_-110']
(13, 48);['m_-110']
(13, 50);['m_0-11']
(13, 52);['m_-101']
(13, 53);['m_0-11']
(13, 54);['m_0-11']
(13, 55);['m_-101']
(13, 56);['m_0-11']
(13, 58);['m_-110']
(13, 61);['m_0-11']
(13, 63);['m_-101']
(13, 68);['m_-101']
(13, 69);['m_-110']
(13, 70);['m_-110']
(13, 71);['m_-110']
(13, 73);['m_-101']
(13, 79);['m_-101']
(13, 81);['m_-110']
(13, 82);['m_0-11']
(13, 84);['m_-101']
(13, 85);['m_0-11']
(13, 88);['m_0-11']
(13, 89);['m_-101']
(13, 91);['m_0-11']
(13, 92);['m_-110']
(14, 16);['m_011']
(14, 17);['m_0-11']
(14, 19);['2_100']
(14, 23);['m_-110']
(14, 24);['m_-110']
(14, 25);['m_-110']
(14, 34);['m_101']
(14, 35);['m_-110']
(14, 36);['m_-110']
(14, 46);['m_-110']
(14, 47);['m_-110']
(14, 48);['m_-110']
(14, 54);['m_-101']
(14, 58);['m_-110']
(14, 59);['m_-110']
(14, 69);['m_-110']
(14, 70);['m_-110']
(14, 71);['m_-110']
(14, 74);['2_010']
(14, 80);['m_-110']
(14, 92);['m_-110']
(14, 94);['m_-110']
(15, 20);['m_0-11']
(15, 33);['m_-110']
(15, 35);['m_-101']
(15, 41);['m_0-11']
(15, 44);['m_0-11']
(15, 47);['m_0-11']
(15, 50);['m_0-11']
(15, 53);['m_0-11']
(15, 54);['m_0-11']
(15, 56);['m_0-11']
(15, 57);['m_101']
(15, 59);['m_0-11']
(15, 60);['m_110']
(15, 61);['m_0-11']
(15, 77);['2_010']
(15, 78);['2_001']
(15, 82);['m_0-11']
(15, 85);['m_0-11']
(15, 88);['m_0-11']
(15, 91);['m_0-11']
(15, 94);['m_0-11']
(16, 17);['2_100']
(16, 19);['m_0-11']
(16, 20);['m_101']
(16, 22);['m_101']
(16, 27);['m_101']
(16, 32);['m_101']
(16, 34);['m_-110']
(16, 36);['m_101']
(16, 40);['m_101']
(16, 42);['m_101']
(16, 47);['m_101']
(16, 52);['m_101']
(16, 56);['m_101']
(16, 60);['m_101']
(16, 61);['m_110']
(16, 62);['m_101']
(16, 67);['m_101']
(16, 72);['m_101']
(16, 79);['2_001']
(16, 80);['m_101']
(16, 82);['m_101']
(16, 87);['m_101']
(16, 92);['m_101']
(17, 19);['m_011']
(17, 21);['m_-101']
(17, 26);['m_-101']
(17, 31);['m_-101']
(17, 33);['m_-101']
(17, 37);['m_-101']
(17, 39);['m_110']
(17, 42);['m_-101']
(17, 47);['m_-101']
(17, 52);['m_-101']
(17, 54);['m_-110']
(17, 55);['m_-101']
(17, 59);['m_-101']
(17, 63);['m_-101']
(17, 68);['m_-101']
(17, 73);['m_-101']
(17, 75);['m_-101']
(17, 76);['2_001']
(17, 84);['m_-101']
(17, 89);['m_-101']
(17, 94);['m_-101']
(18, 20);['m_0-11']
(18, 38);['m_101']
(18, 40);['m_110']
(18, 41);['m_0-11']
(18, 44);['m_0-11']
(18, 47);['m_0-11']
(18, 50);['m_0-11']
(18, 53);['m_0-11']
(18, 54);['m_0-11']
(18, 55);['m_-110']
(18, 56);['m_0-11']
(18, 58);['m_-101']
(18, 59);['m_0-11']
(18, 61);['m_0-11']
(18, 77);['2_001']
(18, 78);['2_010']
(18, 82);['m_0-11']
(18, 85);['m_0-11']
(18, 88);['m_0-11']
(18, 91);['m_0-11']
(18, 94);['m_0-11']
(19, 20);['m_110']
(19, 28);['m_110']
(19, 29);['m_110']
(19, 30);['m_110']
(19, 37);['m_110']
(19, 38);['m_110']
(19, 39);['m_-101']
(19, 46);['m_110']
(19, 47);['m_110']
(19, 48);['m_110']
(19, 56);['m_110']
(19, 57);['m_110']
(19, 61);['m_101']
(19, 64);['m_110']
(19, 65);['m_110']
(19, 66);['m_110']
(19, 75);['m_110']
(19, 81);['2_010']
(19, 82);['m_110']
(19, 83);['m_110']
(19, 84);['m_110']
(20, 22);['m_101']
(20, 27);['m_101']
(20, 28);['m_110']
(20, 29);['m_110']
(20, 30);['m_110']
(20, 32);['m_101']
(20, 36);['m_101']
(20, 37);['m_110']
(20, 38);['m_110']
(20, 40);['m_101']
(20, 41);['m_0-11']
(20, 42);['m_101']
(20, 44);['m_0-11']
(20, 46);['m_110']
(20, 48);['m_110']
(20, 50);['m_0-11']
(20, 52);['m_101']
(20, 53);['m_0-11']
(20, 54);['m_0-11']
(20, 57);['m_110']
(20, 59);['m_0-11']
(20, 60);['m_101']
(20, 61);['m_0-11']
(20, 62);['m_101']
(20, 64);['m_110']
(20, 65);['m_110']
(20, 66);['m_110']
(20, 67);['m_101']
(20, 72);['m_101']
(20, 74);['m_110']
(20, 76);['m_101']
(20, 83);['m_110']
(20, 84);['m_110']
(20, 85);['m_0-11']
(20, 87);['m_101']
(20, 88);['m_0-11']
(20, 91);['m_0-11']
(20, 92);['m_101']
(20, 94);['m_0-11']
(21, 22);['m_001']
(21, 23);['m_0-11']
(21, 26);['m_-101']
(21, 30);['m_011']
(21, 32);['2_100']
(21, 33);['m_-101']
(21, 37);['m_-101']
(21, 42);['m_-101']
(21, 47);['m_-101']
(21, 52);['m_-101']
(21, 55);['m_-101']
(21, 59);['m_-101']
(21, 62);['m_100']
(21, 64);['2_011']
(21, 68);['m_-101']
(21, 71);['2_0-11']
(21, 72);['2_001']
(21, 75);['m_-101']
(21, 79);['m_-101']
(21, 84);['m_-101']
(21, 89);['m_-101']
(21, 90);['m_110']
(21, 91);['2_-110']
(21, 94);['m_-101']
(22, 25);['m_011']
(22, 27);['m_101']
(22, 28);['m_0-11']
(22, 31);['2_100']
(22, 36);['m_101']
(22, 40);['m_101']
(22, 42);['m_101']
(22, 47);['m_101']
(22, 52);['m_101']
(22, 56);['m_101']
(22, 60);['m_101']
(22, 63);['m_100']
(22, 66);['2_0-11']
(22, 67);['m_101']
(22, 69);['2_011']
(22, 73);['2_001']
(22, 76);['m_101']
(22, 80);['m_101']
(22, 82);['m_101']
(22, 87);['m_101']
(22, 90);['2_-110']
(22, 91);['m_110']
(22, 92);['m_101']
(23, 24);['m_-110']
(23, 28);['m_010']
(23, 30);['2_100']
(23, 32);['m_011']
(23, 35);['m_-110']
(23, 36);['m_-110']
(23, 46);['m_-110']
(23, 47);['m_-110']
(23, 48);['m_-110']
(23, 58);['m_-110']
(23, 59);['m_-110']
(23, 62);['2_011']
(23, 64);['m_100']
(23, 66);['2_010']
(23, 70);['m_-110']
(23, 73);['2_0-11']
(23, 80);['m_-110']
(23, 81);['m_-110']
(23, 86);['m_101']
(23, 91);['2_-101']
(23, 92);['m_-110']
(23, 93);['m_-110']
(23, 94);['m_-110']
(24, 25);['m_-110']
(24, 26);['m_0-11']
(24, 27);['m_011']
(24, 35);['m_-110']
(24, 36);['m_-110']
(24, 42);['m_001']
(24, 44);['m_-101']
(24, 45);['m_101']
(24, 46);['m_-110']
(24, 48);['m_-110']
(24, 49);['2_101']
(24, 50);['2_-101']
(24, 52);['m_001']
(24, 58);['m_-110']
(24, 59);['m_-110']
(24, 67);['2_011']
(24, 68);['2_0-11']
(24, 69);['m_-110']
(24, 71);['m_-110']
(24, 80);['m_-110']
(24, 81);['m_-110']
(24, 83);['m_001']
(24, 88);['m_001']
(24, 92);['m_-110']
(24, 94);['m_-110']
(25, 28);['2_100']
(25, 30);['m_010']
(25, 31);['m_0-11']
(25, 35);['m_-110']
(25, 36);['m_-110']
(25, 46);['m_-110']
(25, 47);['m_-110']
(25, 48);['m_-110']
(25, 58);['m_-110']
(25, 59);['m_-110']
(25, 63);['2_0-11']
(25, 64);['2_010']
(25, 66);['m_100']
(25, 70);['m_-110']
(25, 72);['2_011']
(25, 80);['m_-110']
(25, 81);['m_-110']
(25, 85);['m_-101']
(25, 90);['2_101']
(25, 92);['m_-110']
(25, 93);['m_-110']
(25, 94);['m_-110']
(26, 29);['m_011']
(26, 31);['m_-101']
(26, 33);['m_-101']
(26, 37);['m_-101']
(26, 42);['m_-101']
(26, 44);['m_-110']
(26, 45);['2_110']
(26, 46);['m_010']
(26, 48);['m_010']
(26, 49);['m_110']
(26, 50);['2_-110']
(26, 52);['m_-101']
(26, 55);['m_-101']
(26, 59);['m_-101']
(26, 63);['m_-101']
(26, 65);['2_011']
(26, 70);['2_0-11']
(26, 73);['m_-101']
(26, 75);['m_-101']
(26, 79);['m_-101']
(26, 84);['m_-101']
(26, 87);['m_010']
(26, 88);['m_010']
(26, 94);['m_-101']
(27, 29);['m_0-11']
(27, 32);['m_101']
(27, 36);['m_101']
(27, 40);['m_101']
(27, 42);['m_101']
(27, 44);['2_110']
(27, 45);['m_-110']
(27, 46);['m_010']
(27, 48);['m_010']
(27, 49);['2_-110']
(27, 50);['m_110']
(27, 52);['m_101']
(27, 56);['m_101']
(27, 60);['m_101']
(27, 62);['m_101']
(27, 65);['2_0-11']
(27, 70);['2_011']
(27, 72);['m_101']
(27, 76);['m_101']
(27, 80);['m_101']
(27, 82);['m_101']
(27, 88);['m_010']
(27, 89);['m_010']
(27, 92);['m_101']
(28, 29);['m_110']
(28, 31);['m_011']
(28, 37);['m_110']
(28, 38);['m_110']
(28, 46);['m_110']
(28, 47);['m_110']
(28, 48);['m_110']
(28, 56);['m_110']
(28, 57);['m_110']
(28, 63);['2_011']
(28, 65);['m_110']
(28, 69);['m_100']
(28, 71);['2_010']
(28, 72);['2_0-11']
(28, 74);['m_110']
(28, 75);['m_110']
(28, 82);['m_110']
(28, 83);['m_110']
(28, 84);['m_110']
(28, 86);['2_-101']
(28, 91);['m_101']
(29, 30);['m_110']
(29, 37);['m_110']
(29, 38);['m_110']
(29, 42);['m_001']
(29, 44);['2_101']
(29, 45);['2_-101']
(29, 46);['m_110']
(29, 48);['m_110']
(29, 49);['m_-101']
(29, 50);['m_101']
(29, 52);['m_001']
(29, 56);['m_110']
(29, 57);['m_110']
(29, 64);['m_110']
(29, 66);['m_110']
(29, 67);['2_0-11']
(29, 68);['2_011']
(29, 74);['m_110']
(29, 75);['m_110']
(29, 82);['m_110']
(29, 84);['m_110']
(29, 88);['m_001']
(29, 93);['m_001']
(30, 32);['m_0-11']
(30, 37);['m_110']
(30, 38);['m_110']
(30, 46);['m_110']
(30, 47);['m_110']
(30, 48);['m_110']
(30, 56);['m_110']
(30, 57);['m_110']
(30, 62);['2_0-11']
(30, 65);['m_110']
(30, 69);['2_010']
(30, 71);['m_100']
(30, 73);['2_011']
(30, 74);['m_110']
(30, 75);['m_110']
(30, 82);['m_110']
(30, 83);['m_110']
(30, 84);['m_110']
(30, 85);['2_101']
(30, 90);['m_-101']
(31, 32);['m_001']
(31, 33);['m_-101']
(31, 37);['m_-101']
(31, 42);['m_-101']
(31, 47);['m_-101']
(31, 52);['m_-101']
(31, 55);['m_-101']
(31, 59);['m_-101']
(31, 62);['2_001']
(31, 66);['2_011']
(31, 68);['m_-101']
(31, 69);['2_0-11']
(31, 72);['m_100']
(31, 75);['m_-101']
(31, 79);['m_-101']
(31, 84);['m_-101']
(31, 85);['m_-110']
(31, 86);['2_110']
(31, 89);['m_-101']
(31, 94);['m_-101']
(32, 36);['m_101']
(32, 40);['m_101']
(32, 42);['m_101']
(32, 47);['m_101']
(32, 52);['m_101']
(32, 56);['m_101']
(32, 60);['m_101']
(32, 63);['2_001']
(32, 64);['2_0-11']
(32, 67);['m_101']
(32, 71);['2_011']
(32, 73);['m_100']
(32, 76);['m_101']
(32, 80);['m_101']
(32, 82);['m_101']
(32, 85);['2_110']
(32, 86);['m_-110']
(32, 87);['m_101']
(32, 92);['m_101']
(33, 35);['m_0-11']
(33, 37);['m_-101']
(33, 38);['m_011']
(33, 40);['2_100']
(33, 42);['m_-101']
(33, 47);['m_-101']
(33, 52);['m_-101']
(33, 59);['m_-101']
(33, 60);['2_001']
(33, 63);['m_-101']
(33, 68);['m_-101']
(33, 73);['m_-101']
(33, 75);['m_-101']
(33, 78);['m_110']
(33, 79);['m_-101']
(33, 84);['m_-101']
(33, 89);['m_-101']
(33, 94);['m_-101']
(34, 36);['m_011']
(34, 37);['m_011']
(34, 43);['m_011']
(34, 45);['m_011']
(34, 47);['m_011']
(34, 49);['m_011']
(34, 51);['m_011']
(34, 54);['2_010']
(34, 61);['2_001']
(34, 74);['m_-101']
(34, 75);['m_011']
(34, 77);['m_011']
(34, 78);['m_011']
(34, 79);['m_110']
(34, 80);['m_011']
(34, 84);['m_011']
(34, 86);['m_011']
(34, 88);['m_011']
(34, 90);['m_011']
(34, 92);['m_011']
(35, 36);['m_-110']
(35, 38);['2_100']
(35, 40);['m_011']
(35, 46);['m_-110']
(35, 47);['m_-110']
(35, 48);['m_-110']
(35, 57);['2_010']
(35, 59);['m_-110']
(35, 69);['m_-110']
(35, 70);['m_-110']
(35, 71);['m_-110']
(35, 77);['m_101']
(35, 80);['m_-110']
(35, 81);['m_-110']
(35, 92);['m_-110']
(35, 94);['m_-110']
(36, 39);['m_011']
(36, 40);['m_101']
(36, 42);['m_101']
(36, 43);['m_011']
(36, 45);['m_011']
(36, 46);['m_-110']
(36, 48);['m_-110']
(36, 49);['m_011']
(36, 51);['m_011']
(36, 52);['m_101']
(36, 58);['m_-110']
(36, 60);['m_101']
(36, 62);['m_101']
(36, 67);['m_101']
(36, 69);['m_-110']
(36, 70);['m_-110']
(36, 71);['m_-110']
(36, 72);['m_101']
(36, 75);['m_011']
(36, 76);['m_101']
(36, 77);['m_011']
(36, 78);['m_011']
(36, 81);['m_-110']
(36, 82);['m_101']
(36, 84);['m_011']
(36, 86);['m_011']
(36, 87);['m_101']
(36, 88);['m_011']
(36, 90);['m_011']
(36, 94);['m_-110']
(37, 38);['m_110']
(37, 39);['m_011']
(37, 42);['m_-101']
(37, 43);['m_011']
(37, 45);['m_011']
(37, 46);['m_110']
(37, 48);['m_110']
(37, 49);['m_011']
(37, 51);['m_011']
(37, 52);['m_-101']
(37, 55);['m_-101']
(37, 57);['m_110']
(37, 63);['m_-101']
(37, 64);['m_110']
(37, 65);['m_110']
(37, 66);['m_110']
(37, 68);['m_-101']
(37, 73);['m_-101']
(37, 74);['m_110']
(37, 77);['m_011']
(37, 78);['m_011']
(37, 79);['m_-101']
(37, 80);['m_011']
(37, 82);['m_110']
(37, 83);['m_110']
(37, 86);['m_011']
(37, 88);['m_011']
(37, 89);['m_-101']
(37, 90);['m_011']
(37, 92);['m_011']
(37, 94);['m_-101']
(38, 40);['m_0-11']
(38, 46);['m_110']
(38, 47);['m_110']
(38, 48);['m_110']
(38, 56);['m_110']
(38, 58);['2_010']
(38, 64);['m_110']
(38, 65);['m_110']
(38, 66);['m_110']
(38, 74);['m_110']
(38, 75);['m_110']
(38, 78);['m_-101']
(38, 82);['m_110']
(38, 83);['m_110']
(38, 84);['m_110']
(39, 43);['m_011']
(39, 45);['m_011']
(39, 47);['m_011']
(39, 49);['m_011']
(39, 51);['m_011']
(39, 54);['2_001']
(39, 61);['2_010']
(39, 75);['m_011']
(39, 76);['m_-110']
(39, 77);['m_011']
(39, 78);['m_011']
(39, 80);['m_011']
(39, 81);['m_101']
(39, 84);['m_011']
(39, 86);['m_011']
(39, 88);['m_011']
(39, 90);['m_011']
(39, 92);['m_011']
(40, 42);['m_101']
(40, 47);['m_101']
(40, 52);['m_101']
(40, 55);['2_001']
(40, 56);['m_101']
(40, 62);['m_101']
(40, 67);['m_101']
(40, 72);['m_101']
(40, 76);['m_101']
(40, 77);['m_-110']
(40, 80);['m_101']
(40, 82);['m_101']
(40, 87);['m_101']
(40, 92);['m_101']
(41, 42);['m_100']
(41, 45);['m_100']
(41, 46);['m_100']
(41, 48);['m_100']
(41, 49);['m_100']
(41, 52);['m_100']
(41, 54);['m_0-11']
(41, 56);['m_0-11']
(41, 59);['m_0-11']
(41, 61);['m_0-11']
(41, 82);['m_0-11']
(41, 83);['m_101']
(41, 85);['m_0-11']
(41, 87);['m_110']
(41, 88);['m_0-11']
(41, 89);['2_-110']
(41, 91);['m_0-11']
(41, 93);['2_-101']
(41, 94);['m_0-11']
(42, 43);['m_100']
(42, 44);['m_100']
(42, 45);['m_100']
(42, 49);['m_100']
(42, 50);['m_100']
(42, 51);['m_100']
(42, 53);['m_100']
(42, 55);['m_-101']
(42, 56);['m_101']
(42, 59);['m_-101']
(42, 60);['m_101']
(42, 62);['m_101']
(42, 63);['m_-101']
(42, 65);['m_001']
(42, 67);['m_101']
(42, 68);['m_-101']
(42, 70);['m_001']
(42, 72);['m_101']
(42, 73);['m_-101']
(42, 75);['m_-101']
(42, 76);['m_101']
(42, 79);['m_-101']
(42, 80);['m_101']
(42, 82);['m_101']
(42, 83);['m_001']
(42, 84);['m_-101']
(42, 87);['m_101']
(42, 89);['m_-101']
(42, 92);['m_101']
(42, 93);['m_001']
(42, 94);['m_-101']
(43, 44);['m_100']
(43, 46);['m_100']
(43, 48);['m_100']
(43, 50);['m_100']
(43, 52);['m_100']
(43, 75);['m_011']
(43, 77);['m_011']
(43, 78);['m_011']
(43, 80);['m_011']
(43, 83);['m_-101']
(43, 84);['m_011']
(43, 86);['m_011']
(43, 87);['2_-110']
(43, 88);['m_011']
(43, 89);['m_110']
(43, 90);['m_011']
(43, 92);['m_011']
(43, 93);['2_101']
(44, 46);['m_100']
(44, 48);['m_100']
(44, 51);['m_100']
(44, 52);['m_100']
(44, 54);['m_0-11']
(44, 56);['m_0-11']
(44, 59);['m_0-11']
(44, 61);['m_0-11']
(44, 65);['m_101']
(44, 67);['m_110']
(44, 68);['2_-110']
(44, 70);['2_-101']
(44, 82);['m_0-11']
(44, 85);['m_0-11']
(44, 88);['m_0-11']
(44, 91);['m_0-11']
(44, 94);['m_0-11']
(45, 46);['m_100']
(45, 48);['m_100']
(45, 52);['m_100']
(45, 53);['m_100']
(45, 65);['m_-101']
(45, 67);['2_-110']
(45, 68);['m_110']
(45, 70);['2_101']
(45, 75);['m_011']
(45, 77);['m_011']
(45, 78);['m_011']
(45, 80);['m_011']
(45, 84);['m_011']
(45, 86);['m_011']
(45, 88);['m_011']
(45, 90);['m_011']
(45, 92);['m_011']
(46, 49);['m_100']
(46, 50);['m_100']
(46, 51);['m_100']
(46, 53);['m_100']
(46, 56);['m_110']
(46, 57);['m_110']
(46, 58);['m_-110']
(46, 59);['m_-110']
(46, 64);['m_110']
(46, 65);['m_110']
(46, 66);['m_110']
(46, 67);['m_010']
(46, 68);['m_010']
(46, 69);['m_-110']
(46, 70);['m_-110']
(46, 71);['m_-110']
(46, 74);['m_110']
(46, 75);['m_110']
(46, 80);['m_-110']
(46, 81);['m_-110']
(46, 82);['m_110']
(46, 83);['m_110']
(46, 84);['m_110']
(46, 87);['m_010']
(46, 89);['m_010']
(46, 92);['m_-110']
(46, 93);['m_-110']
(46, 94);['m_-110']
(47, 54);['m_0-11']
(47, 55);['m_-101']
(47, 57);['m_110']
(47, 58);['m_-110']
(47, 60);['m_101']
(47, 61);['m_0-11']
(47, 62);['m_101']
(47, 63);['m_-101']
(47, 64);['m_110']
(47, 66);['m_110']
(47, 69);['m_-110']
(47, 71);['m_-110']
(47, 72);['m_101']
(47, 73);['m_-101']
(47, 74);['m_110']
(47, 76);['m_101']
(47, 77);['m_011']
(47, 78);['m_011']
(47, 79);['m_-101']
(47, 81);['m_-110']
(47, 85);['m_0-11']
(47, 86);['m_011']
(47, 90);['m_011']
(47, 91);['m_0-11']
(48, 49);['m_100']
(48, 50);['m_100']
(48, 51);['m_100']
(48, 53);['m_100']
(48, 56);['m_110']
(48, 57);['m_110']
(48, 58);['m_-110']
(48, 59);['m_-110']
(48, 64);['m_110']
(48, 65);['m_110']
(48, 66);['m_110']
(48, 67);['m_010']
(48, 68);['m_010']
(48, 69);['m_-110']
(48, 70);['m_-110']
(48, 71);['m_-110']
(48, 74);['m_110']
(48, 75);['m_110']
(48, 80);['m_-110']
(48, 81);['m_-110']
(48, 82);['m_110']
(48, 83);['m_110']
(48, 84);['m_110']
(48, 87);['m_010']
(48, 89);['m_010']
(48, 92);['m_-110']
(48, 93);['m_-110']
(48, 94);['m_-110']
(49, 52);['m_100']
(49, 53);['m_100']
(49, 65);['2_-101']
(49, 67);['m_-110']
(49, 68);['2_110']
(49, 70);['m_101']
(49, 75);['m_011']
(49, 77);['m_011']
(49, 78);['m_011']
(49, 80);['m_011']
(49, 84);['m_011']
(49, 86);['m_011']
(49, 88);['m_011']
(49, 90);['m_011']
(49, 92);['m_011']
(50, 51);['m_100']
(50, 52);['m_100']
(50, 54);['m_0-11']
(50, 56);['m_0-11']
(50, 59);['m_0-11']
(50, 61);['m_0-11']
(50, 65);['2_101']
(50, 67);['2_110']
(50, 68);['m_-110']
(50, 70);['m_-101']
(50, 82);['m_0-11']
(50, 85);['m_0-11']
(50, 88);['m_0-11']
(50, 91);['m_0-11']
(50, 94);['m_0-11']
(51, 52);['m_100']
(51, 75);['m_011']
(51, 77);['m_011']
(51, 78);['m_011']
(51, 80);['m_011']
(51, 83);['2_-101']
(51, 84);['m_011']
(51, 86);['m_011']
(51, 87);['m_-110']
(51, 88);['m_011']
(51, 89);['2_110']
(51, 90);['m_011']
(51, 92);['m_011']
(51, 93);['m_101']
(52, 53);['m_100']
(52, 55);['m_-101']
(52, 56);['m_101']
(52, 59);['m_-101']
(52, 60);['m_101']
(52, 62);['m_101']
(52, 63);['m_-101']
(52, 65);['m_001']
(52, 67);['m_101']
(52, 68);['m_-101']
(52, 70);['m_001']
(52, 72);['m_101']
(52, 73);['m_-101']
(52, 75);['m_-101']
(52, 76);['m_101']
(52, 79);['m_-101']
(52, 80);['m_101']
(52, 82);['m_101']
(52, 83);['m_001']
(52, 84);['m_-101']
(52, 87);['m_101']
(52, 89);['m_-101']
(52, 92);['m_101']
(52, 93);['m_001']
(52, 94);['m_-101']
(53, 54);['m_0-11']
(53, 56);['m_0-11']
(53, 59);['m_0-11']
(53, 61);['m_0-11']
(53, 82);['m_0-11']
(53, 83);['2_101']
(53, 85);['m_0-11']
(53, 87);['2_110']
(53, 88);['m_0-11']
(53, 89);['m_-110']
(53, 91);['m_0-11']
(53, 93);['m_-101']
(53, 94);['m_0-11']
(54, 56);['m_0-11']
(54, 59);['m_0-11']
(54, 74);['m_101']
(54, 76);['m_110']
(54, 82);['m_0-11']
(54, 85);['m_0-11']
(54, 88);['m_0-11']
(54, 91);['m_0-11']
(54, 94);['m_0-11']
(55, 57);['m_011']
(55, 58);['m_0-11']
(55, 59);['m_-101']
(55, 60);['2_100']
(55, 63);['m_-101']
(55, 68);['m_-101']
(55, 73);['m_-101']
(55, 75);['m_-101']
(55, 77);['m_110']
(55, 79);['m_-101']
(55, 84);['m_-101']
(55, 89);['m_-101']
(55, 94);['m_-101']
(56, 57);['m_110']
(56, 60);['m_101']
(56, 61);['m_0-11']
(56, 62);['m_101']
(56, 64);['m_110']
(56, 65);['m_110']
(56, 66);['m_110']
(56, 67);['m_101']
(56, 72);['m_101']
(56, 74);['m_110']
(56, 75);['m_110']
(56, 76);['m_101']
(56, 80);['m_101']
(56, 83);['m_110']
(56, 84);['m_110']
(56, 85);['m_0-11']
(56, 87);['m_101']
(56, 88);['m_0-11']
(56, 91);['m_0-11']
(56, 92);['m_101']
(56, 94);['m_0-11']
(57, 58);['2_100']
(57, 60);['m_0-11']
(57, 64);['m_110']
(57, 65);['m_110']
(57, 66);['m_110']
(57, 74);['m_110']
(57, 75);['m_110']
(57, 77);['m_-101']
(57, 82);['m_110']
(57, 83);['m_110']
(57, 84);['m_110']
(58, 59);['m_-110']
(58, 60);['m_011']
(58, 69);['m_-110']
(58, 70);['m_-110']
(58, 71);['m_-110']
(58, 78);['m_101']
(58, 80);['m_-110']
(58, 81);['m_-110']
(58, 92);['m_-110']
(58, 94);['m_-110']
(59, 61);['m_0-11']
(59, 63);['m_-101']
(59, 68);['m_-101']
(59, 69);['m_-110']
(59, 70);['m_-110']
(59, 71);['m_-110']
(59, 73);['m_-101']
(59, 75);['m_-101']
(59, 79);['m_-101']
(59, 80);['m_-110']
(59, 81);['m_-110']
(59, 82);['m_0-11']
(59, 84);['m_-101']
(59, 85);['m_0-11']
(59, 88);['m_0-11']
(59, 89);['m_-101']
(59, 91);['m_0-11']
(59, 92);['m_-110']
(60, 62);['m_101']
(60, 67);['m_101']
(60, 72);['m_101']
(60, 76);['m_101']
(60, 78);['m_-110']
(60, 80);['m_101']
(60, 82);['m_101']
(60, 87);['m_101']
(60, 92);['m_101']
(61, 79);['m_-110']
(61, 81);['m_-101']
(61, 82);['m_0-11']
(61, 85);['m_0-11']
(61, 88);['m_0-11']
(61, 91);['m_0-11']
(61, 94);['m_0-11']
(62, 63);['m_001']
(62, 64);['m_0-11']
(62, 67);['m_101']
(62, 71);['m_011']
(62, 73);['2_100']
(62, 76);['m_101']
(62, 80);['m_101']
(62, 82);['m_101']
(62, 85);['m_110']
(62, 86);['2_-110']
(62, 87);['m_101']
(62, 92);['m_101']
(63, 66);['m_011']
(63, 68);['m_-101']
(63, 69);['m_0-11']
(63, 72);['2_100']
(63, 75);['m_-101']
(63, 79);['m_-101']
(63, 84);['m_-101']
(63, 85);['2_-110']
(63, 86);['m_110']
(63, 89);['m_-101']
(63, 94);['m_-101']
(64, 65);['m_110']
(64, 69);['m_010']
(64, 71);['2_100']
(64, 73);['m_011']
(64, 74);['m_110']
(64, 75);['m_110']
(64, 82);['m_110']
(64, 83);['m_110']
(64, 84);['m_110']
(64, 85);['m_101']
(64, 90);['2_-101']
(65, 66);['m_110']
(65, 67);['m_0-11']
(65, 68);['m_011']
(65, 74);['m_110']
(65, 75);['m_110']
(65, 82);['m_110']
(65, 84);['m_110']
(65, 88);['m_001']
(65, 93);['m_001']
(66, 69);['2_100']
(66, 71);['m_010']
(66, 72);['m_0-11']
(66, 74);['m_110']
(66, 75);['m_110']
(66, 82);['m_110']
(66, 83);['m_110']
(66, 84);['m_110']
(66, 86);['m_-101']
(66, 91);['2_101']
(67, 70);['m_011']
(67, 72);['m_101']
(67, 76);['m_101']
(67, 80);['m_101']
(67, 82);['m_101']
(67, 88);['m_010']
(67, 89);['m_010']
(67, 92);['m_101']
(68, 70);['m_0-11']
(68, 73);['m_-101']
(68, 75);['m_-101']
(68, 79);['m_-101']
(68, 84);['m_-101']
(68, 87);['m_010']
(68, 88);['m_010']
(68, 94);['m_-101']
(69, 70);['m_-110']
(69, 72);['m_011']
(69, 80);['m_-110']
(69, 81);['m_-110']
(69, 85);['2_-101']
(69, 90);['m_101']
(69, 92);['m_-110']
(69, 93);['m_-110']
(69, 94);['m_-110']
(70, 71);['m_-110']
(70, 80);['m_-110']
(70, 81);['m_-110']
(70, 83);['m_001']
(70, 88);['m_001']
(70, 92);['m_-110']
(70, 94);['m_-110']
(71, 73);['m_0-11']
(71, 80);['m_-110']
(71, 81);['m_-110']
(71, 86);['2_101']
(71, 91);['m_-101']
(71, 92);['m_-110']
(71, 93);['m_-110']
(71, 94);['m_-110']
(72, 73);['m_001']
(72, 76);['m_101']
(72, 80);['m_101']
(72, 82);['m_101']
(72, 87);['m_101']
(72, 90);['m_-110']
(72, 91);['2_110']
(72, 92);['m_101']
(73, 75);['m_-101']
(73, 79);['m_-101']
(73, 84);['m_-101']
(73, 89);['m_-101']
(73, 90);['2_110']
(73, 91);['m_-110']
(73, 94);['m_-101']
(74, 75);['m_110']
(74, 76);['m_0-11']
(74, 79);['m_011']
(74, 81);['2_100']
(74, 82);['m_110']
(74, 83);['m_110']
(74, 84);['m_110']
(75, 77);['m_011']
(75, 78);['m_011']
(75, 79);['m_-101']
(75, 82);['m_110']
(75, 83);['m_110']
(75, 86);['m_011']
(75, 88);['m_011']
(75, 89);['m_-101']
(75, 90);['m_011']
(75, 92);['m_011']
(75, 94);['m_-101']
(76, 79);['2_100']
(76, 80);['m_101']
(76, 81);['m_011']
(76, 82);['m_101']
(76, 87);['m_101']
(76, 92);['m_101']
(77, 80);['m_011']
(77, 84);['m_011']
(77, 86);['m_011']
(77, 88);['m_011']
(77, 90);['m_011']
(77, 92);['m_011']
(78, 80);['m_011']
(78, 84);['m_011']
(78, 86);['m_011']
(78, 88);['m_011']
(78, 90);['m_011']
(78, 92);['m_011']
(79, 81);['m_0-11']
(79, 84);['m_-101']
(79, 89);['m_-101']
(79, 94);['m_-101']
(80, 81);['m_-110']
(80, 82);['m_101']
(80, 84);['m_011']
(80, 86);['m_011']
(80, 87);['m_101']
(80, 88);['m_011']
(80, 90);['m_011']
(80, 94);['m_-110']
(81, 92);['m_-110']
(81, 94);['m_-110']
(82, 83);['m_110']
(82, 85);['m_0-11']
(82, 87);['m_101']
(82, 88);['m_0-11']
(82, 91);['m_0-11']
(83, 84);['m_110']
(83, 87);['m_0-11']
(83, 88);['m_001']
(83, 89);['m_011']
(84, 86);['m_011']
(84, 88);['m_011']
(84, 89);['m_-101']
(84, 90);['m_011']
(85, 86);['m_001']
(85, 88);['m_0-11']
(85, 90);['m_010']
(85, 94);['m_0-11']
(86, 88);['m_011']
(86, 91);['m_010']
(86, 92);['m_011']
(87, 88);['m_010']
(87, 92);['m_101']
(87, 93);['m_011']
(88, 89);['m_010']
(88, 90);['m_011']
(88, 91);['m_0-11']
(88, 92);['m_011']
(88, 93);['m_001']
(88, 94);['m_0-11']
(89, 93);['m_0-11']
(89, 94);['m_-101']
(90, 91);['m_001']
(90, 92);['m_011']
(91, 94);['m_0-11']
(92, 93);['m_-110']
(93, 94);['m_-110']
